create extension if not exists "uuid-ossp";

create table product
(
    product_id  uuid primary key default uuid_generate_v4(),
    title       varchar not null,
    description varchar          default null,
    price       integer not null check (price > 0)
);

create table stock
(
    product_id uuid primary key
        constraint "fk_product" references "product" ("product_id"),
    count      int not null check (count >= 0)
);


create table product_image
(
    product_id uuid
        constraint "fk_product" references "product" ("product_id"),
    image_url  varchar not null,
    constraint "pk_product_image" primary key (product_id, image_url)
);

insert into product (product_id, title, description, price)
values ('673e8fa0-b0c7-49b1-a74a-ca6b5330e642', 'Powerbank аккумулятор Xiaomi Mi Power Bank 20000',
        'Вес (г): 338; Размеры (мм): 141.9x73x21.8;', 1815),
       ('3a24dece-d71e-46e7-85b4-d0ca9e00c3e1', 'Powerbank аккумулятор Xiaomi Mi Power Bank 2 10000',
        'Вес (г): 217; Размеры (мм): 130x71x14;', 1045),
       ('bbd5a406-e64f-4258-a960-5113613bd6d5', 'Powerbank аккумулятор Xiaomi Mi Power Bank 5000',
        'Вес (г): 156; Размеры (мм): 125x69x9.9', 715),
       ('ae1bdf11-43fe-441e-a5e1-f4b1b6ad3d6b', 'Powerbank аккумулятор Xiaomi Mi Power Bank 10000',
        'Вес (г): 207; Размеры (мм): 90x60.4x22', 1527),
       ('4ef6d52a-5341-4a5b-93e7-f8e092371b68', 'Powerbank аккумулятор Xiaomi Mi Power Bank Pro 10000',
        'Вес (г): 223; Размеры (мм): 128.6x75x12.6', 1639),
       ('1db2bd6e-6d30-49ca-91ea-78de8d1ea371', 'Powerbank аккумулятор Asus ZenPower',
        'Вес (г): 215; Размеры (мм): 90.5x59x22;', 1408),
       ('bf426a98-76dc-425c-96d9-a32072c2f346', 'Powerbank аккумулятор Hiper SP20000',
        'Вес (г): 420; Размеры (мм): 168x22x80; Функции: Материал корпуса: пластик; Комплектные провода (адаптеры): microUSB; Ток заряда 1-го USB порта: 2.1; Тип аккумуляторов: Li-Ion; Емкость (мАч): 20000 Рейтинг модели: 5 из 5 (8 оценок)',
        1771),
       ('dbd706da-cf37-4a45-90d9-520202680c74', 'Powerbank аккумулятор Hiper Zoo 7500',
        'Вес (г): 192; Размеры (мм): 98x94x22; Функции: Материал корпуса: пластик; Комплектные провода (адаптеры): microUSB; Ток заряда 1-го USB порта: 2.1; Тип аккумуляторов: Li-Pol; Емкость (мАч): 7500 Рейтинг модели: 5 из 5 (4 оценки)',
        794),
       ('7811a0c8-b665-4719-b0e4-740a6041a28d', 'Powerbank аккумулятор Hiper RP10000',
        'Размеры (мм): 100х70х20.5; Функции: Материал корпуса: пластик; Комплектные провода (адаптеры): microUSB; Ток заряда 1-го USB порта: 2.1; Тип аккумуляторов: Li-Ion; Емкость (мАч): 10000 Рейтинг модели: 5 из 5 (15 оценок)',
        825),
       ('35f5cb2c-9e7d-4f1c-90ec-f301fd148256', 'Powerbank аккумулятор Remax Proda Power Box 20000',
        'Размеры (мм): 161x61x23; Материал корпуса: пластик; светильник; Функции: инфо-дисплей; Комплектные провода (адаптеры): microUSB; Ток заряда 1-го USB порта: 2; Тип аккумуляторов: Li-Pol; Емкость (мАч): 20000 Рейтинг модели: 3 из 5 (4 оценки)',
        1357),
       ('6d449d3d-69b2-4b94-8b45-02815a182f35', 'Монитор AOC I2481Fxh',
        'Габариты (мм): 541x403x150; Flicker-Free; Разъемы (дополнительно): Встроенные динамики; HDMI: 2 шт; Подключение: VGA; Динамическая контрастность: 50 000 000:1; Статическая контрастность: 1 000:1; Яркость (кд/м2): 250; Угол обзора гор.: 178; Угол обзора верт.: 178; Тип матрицы: AH-IPS; Время отклика (мс): 4 Рейтинг модели: 4 из 5 (36 оценок)',
        9496),
       ('ff858938-cd3a-4db0-a998-3c405d7fbd0c', 'Монитор LG 25UM58',
        'Габариты (мм): 609x383x188; Настенное крепление VESA: 75x75 мм; Разъемы (дополнительно): Flicker-Free; Подключение: HDMI: 2 шт; Динамическая контрастность: 500 000:1; Статическая контрастность: 1 000:1; Яркость (кд/м2): 250; Угол обзора гор.: 178; Угол обзора верт.: 178; Тип матрицы: AH-IPS; Время отклика (мс): 5 Рейтинг модели: 5 из 5 (48 оценок)',
        9584),
       ('e12a96ca-e662-48d2-a6d5-7973971d4bd2', 'Монитор AOC I2269Vwm',
        'Габариты (мм): 498.3x379.4x189.2; Настенное крепление VESA: 75x75 мм; Поддержка MHL; Разъемы (дополнительно): Встроенные динамики; HDMI: 2 шт; Display Port; Подключение: VGA; Динамическая контрастность: 50 000 000:1; Статическая контрастность: 1 000:1; Яркость (кд/м2): 250; Угол обзора гор.: 178; Угол обзора верт.: 178 Рейтинг модели: 5 из 5 (24 оценки)',
        6818),
       ('dd085faa-855e-4f09-83ce-ebdfd8b27faa', 'Монитор AOC G2460PF',
        'Габариты (мм): 565.4x393.6x244.58; Настенное крепление VESA: 100x100 мм; Flicker-Free; Поддержка AMD FreeSync; USB-хаб 2.0; Встроенные динамики; Регулировка высоты; Разъемы (дополнительно): Поворотный экран; HDMI: 1 шт; Display Port; DVI-D; Подключение: VGA; Динамическая контрастность: 80 000 000:1 Рейтинг модели: 5 из 5 (23 оценки)',
        17061),
       ('ef758bcc-30ec-4511-9b94-75dd2ae0bcf1', 'Монитор Samsung C24F390F',
        'Габариты (мм): 547.8x418.2x206.5; Настенное крепление VESA: 75x75 мм; Flicker-Free; Разъемы (дополнительно): Поддержка AMD FreeSync; HDMI: 1 шт; Подключение: VGA; Статическая контрастность: 3 000:1; Яркость (кд/м2): 250; Угол обзора гор.: 178; Угол обзора верт.: 178; Тип матрицы: *VA; Время отклика (мс): 4 Рейтинг модели: 5 из 5 (32 оценки)',
        9095),
       ('0b1b8c0e-dc7a-4721-a26a-42385bbb4cb9', 'Монитор BenQ XL2411Z',
        'Габариты (мм): 570x431x222.6; Настенное крепление VESA: 100x100 мм; Flicker-Free; Регулировка высоты; Разъемы (дополнительно): Поворотный экран; HDMI: 1 шт; DVI-D; Подключение: VGA; Динамическая контрастность: 12 000 000:1; Статическая контрастность: 1 000:1; Яркость (кд/м2): 350; Угол обзора гор.: 170 Рейтинг модели: 4 из 5 (20 оценок)',
        16941),
       ('ddd9cdb2-b2c3-4b14-8700-71d8c0084ada', 'Монитор AOC I2480SX',
        'Габариты (мм): 540.8x411.2x215; Настенное крепление VESA: 100x100 мм; Flicker-Free; Разъемы (дополнительно): Регулировка высоты; HDMI: отсутствует; DVI-D; Подключение: VGA; Динамическая контрастность: 200 000 000:1; Статическая контрастность: 1 000:1; Яркость (кд/м2): 250; Угол обзора гор.: 178; Угол обзора верт.: 178',
        7434),
       ('60d212fd-bed3-4840-8cf4-6e216a9a5147', 'Монитор LG 24MP88HV',
        'Габариты (мм): 541х414.5х186.2; Flicker-Free; Разъемы (дополнительно): Встроенные динамики; HDMI: 2 шт; Подключение: VGA; Динамическая контрастность: 5 000 000:1; Статическая контрастность: 1 000:1; Яркость (кд/м2): 250; Угол обзора гор.: 178; Угол обзора верт.: 178; Тип матрицы: AH-IPS; Время отклика (мс): 5 Рейтинг модели: 4 из 5 (8 оценок)',
        10285),
       ('deb94aca-32ff-4d57-9564-7dacd9a2b740', 'Монитор AOC I2769Vm',
        'Габариты (мм): 622х449х130; Настенное крепление VESA: 75x75 мм; Поддержка MHL; Разъемы (дополнительно): Встроенные динамики; HDMI: 2 шт; Display Port; Подключение: VGA; Динамическая контрастность: 50 000 000:1; Статическая контрастность: 1 000:1; Яркость (кд/м2): 250; Угол обзора гор.: 178; Угол обзора верт.: 178 Рейтинг модели: 4 из 5 (61 оценка)',
        11988),
       ('53c7f75c-8f89-4862-bf54-0db26681a23c', 'Монитор Samsung C24FG73',
        'Габариты (мм): 545x385x281; Настенное крепление VESA: 75x75 мм; Flicker-Free; Поддержка AMD FreeSync; Регулировка высоты; Разъемы (дополнительно): Поворотный экран; HDMI: 2 шт; Подключение: Display Port; Динамическая контрастность: 1 000 000:1; Статическая контрастность: 3 000:1; Яркость (кд/м2): 350',
        19184),
       ('c9b2cbcf-cb9e-449a-8b43-8d31332cd052', 'Материнская плата Asus PRIME B350-PLUS',
        'Питание процессора: 8-контактное; Основной разъем питания: 24-контактный; USB 3.1 (шт): 2; USB 3.0 (шт): 4; USB 2.0 (шт): 2; Поддержка CrossFire/SLI; Поддержка PCI Express 3.0; LAN: 1 Гбит/с; M.2 разъем: 1; SATA3: 6; Звук (каналов): 7.1; HDMI; Макс. объем памяти (Гб): 64; Частота ОЗУ (МГц): 3200; Форм-фактор слота для памяти: DIMM',
        6094),
       ('e68b36cf-43ef-430c-ab43-be743646569c', 'Материнская плата Gigabyte Z370P D3',
        'Питание процессора: 8-контактное; Основной разъем питания: 24-контактный; USB 3.1 (шт): 4; USB 2.0 (шт): 2; Поддержка CrossFire/SLI; Поддержка PCI Express 3.0; LAN: 1 Гбит/с; M.2 разъем: 1; SATA3: 6; Звук (каналов): 7.1; HDMI; Макс. объем памяти (Гб): 64; Частота ОЗУ (МГц): 4000; Форм-фактор слота для памяти: DIMM',
        7170),
       ('b23488b1-af88-4d50-a895-f211ffc822bf', 'Материнская плата ASRock H110M-DGS R3.0',
        'Питание процессора: 8-контактное; Основной разъем питания: 24-контактный; USB 3.0 (шт): 2; USB 2.0 (шт): 4; Поддержка PCI Express 3.0; LAN: 1 Гбит/с; SATA3: 4; Звук (каналов): 7.1; Макс. объем памяти (Гб): 32; Частота ОЗУ (МГц): 2133; Форм-фактор слота для памяти: DIMM; DDR4 (слотов): 2; Северный мост: Intel H110',
        2847),
       ('26051bbc-2dff-4f8d-97c0-0ac2408523f2', 'Материнская плата Gigabyte GA-970A-DS3P',
        'Питание процессора: 4-контактное; Основной разъем питания: 24-контактный; USB 3.0 (шт): 2; USB 2.0 (шт): 6; Поддержка CrossFire/SLI; LAN: 1 Гбит/с; SATA3: 6; Звук (каналов): 7.1; Макс. объем памяти (Гб): 32; Частота ОЗУ (МГц): 2000; Форм-фактор слота для памяти: DIMM; DDR3 (слотов): 4; Северный мост: AMD 970 Рейтинг модели: 4 из 5 (28 оценок)',
        4928),
       ('43addf73-b910-42b9-af49-96d5127f6d71', 'Материнская плата ASRock Z370 Pro4',
        'Питание процессора: 8-контактное; Основной разъем питания: 24-контактный; USB type C; USB 3.1 (шт): 5; Поддержка CrossFire/SLI; Поддержка PCI Express 3.0; LAN: 1 Гбит/с; M.2 разъем: 3; SATA3: 6; Звук (каналов): 7.1; HDMI; Макс. объем памяти (Гб): 64; Частота ОЗУ (МГц): 4266; Форм-фактор слота для памяти: DIMM',
        7686),
       ('3e584c0d-a562-4821-aaab-96da54f0c6b1', 'Материнская плата ASRock H81 Pro BTC R2.0',
        'Питание процессора: 8-контактное; Основной разъем питания: 24-контактный; COM-порт; LPT-порт; USB 3.0 (шт): 2; USB 2.0 (шт): 2; LAN: 1 Гбит/с; SATA3: 2; SATA2: 2; Звук (каналов): 5.1; HDMI; Макс. объем памяти (Гб): 16; Частота ОЗУ (МГц): 1600; Форм-фактор слота для памяти: DIMM; DDR3 (слотов): 2; Северный мост: Intel H81',
        5786),
       ('8ceaae45-fa13-467d-84bb-03e24701b8e5', 'Материнская плата Asus M5A78L-M LX3',
        'Питание процессора: 4-контактное; Основной разъем питания: 24-контактный; COM-порт; USB 2.0 (шт): 4; LAN: 1 Гбит/с; SATA2: 4; Звук (каналов): 7.1; Гибридный режим; Модель встр. видеокарты: ATI Radeon HD 3000; Встроенная видеокарта; Макс. объем памяти (Гб): 16; Частота ОЗУ (МГц): 1866; Форм-фактор слота для памяти: DIMM Рейтинг модели: 4 из 5 (20 оценок)',
        3055),
       ('e1bb12cb-cc64-43e8-82b1-c5755b36eeb4', 'Материнская плата ASRock B250M Pro4',
        'Питание процессора: 8-контактное; Основной разъем питания: 24-контактный; USB type C; USB 3.0 (шт): 3; USB 2.0 (шт): 2; Поддержка CrossFire/SLI; Поддержка PCI Express 3.0; LAN: 1 Гбит/с; M.2 разъем: 2; SATA3: 6; Звук (каналов): 7.1; HDMI; Макс. объем памяти (Гб): 64; Частота ОЗУ (МГц): 2400; Форм-фактор слота для памяти: DIMM Рейтинг модели: 5 из 5 (3 оценки)',
        4605),
       ('44a81fd3-9ef7-46ad-8fa5-21a4f32664ac', 'Материнская плата MSI B350 PC MATE',
        'Питание процессора: 8-контактное; Основной разъем питания: 24-контактный; USB type C; USB 3.1 (шт): 3; USB 2.0 (шт): 2; Поддержка CrossFire/SLI; Поддержка PCI Express 3.0; LAN: 1 Гбит/с; M.2 разъем: 1; SATA3: 4; Звук (каналов): 7.1; HDMI; Макс. объем памяти (Гб): 64; Частота ОЗУ (МГц): 3200; Форм-фактор слота для памяти: DIMM Рейтинг модели: 5 из 5 (2 оценки)',
        6163),
       ('4b626ae3-f5b1-4cd9-9380-efda7985f667', 'Материнская плата Gigabyte GA-H110-D3A',
        'Питание процессора: 8-контактное; Основной разъем питания: 24-контактный; USB 3.1 (шт): 2; USB 2.0 (шт): 2; Поддержка PCI Express 3.0; LAN: 1 Гбит/с; M.2 разъем: 1; SATA3: 4; Звук (каналов): 7.1; Макс. объем памяти (Гб): 32; Частота ОЗУ (МГц): 2400; Форм-фактор слота для памяти: DIMM; DDR4 (слотов): 2',
        5619),
       ('41a278e1-e61a-4f62-aa29-0fdd185f87b2', 'Wi-Fi адаптер Xiaomi Mi WiFi Router 3',
        'Вес (г): 220; сетевой экран (Firewall); режим моста; поддержка VPN; файл-сервер; DHCP-сервер; WPA2; WEP; Стандарты безопасности: WPA; Антенна: внешняя; Кол-во USB 2.0: 1; Скорость LAN-портов: 100 Мбит/сек; Интерфейсы (для адаптеров): Кол-во LAN портов: 2 порта; Макс. скорость при 5 ГГц (Мбит/с): 867 Рейтинг модели: 4 из 5 (35 оценок)',
        1749),
       ('d095fafd-5bc9-4961-a96e-a402d9d5dea2', 'Wi-Fi адаптер TP-LINK TL-WR841N',
        'Простая как в плане использования, так и в плане функциональных возможностей модель, которая может послужить хорошим решением для дома. Устройство оборудовано двумя несъёмными антеннами и может похвастаться поддержкой стандарта 802.11n со скоростью беспроводной передачи данных вплоть до 300 Мбит/сек. Работает исключительно на частотном диапазоне 2.4 ГГц. Среди прочего, на борту имеется коммутатор на 4 LAN-порта и специальная кнопка QSS, позволяющая мгновенно обезопасить соединение. Заявленный радиус действия вне помещения – до 150 метров. Рейтинг модели: 4 из 5 (65 оценок)',
        911),
       ('f10ba23f-4fc4-42f5-b277-02cd6425cc1f', 'Wi-Fi адаптер ZyXel Keenetic Extra II',
        'Вес (г): 230; Габариты (мм): 167x100x33; сетевой экран (Firewall); репитер; поддержка VPN; принт-сервер; файл-сервер; Web-сервер; FTP-сервер; DHCP-сервер; 802.1x; WPA2; WEP; Стандарты безопасности: WPA; Антенна: внешняя; Кол-во USB 2.0: 1; Скорость LAN-портов: 100 Мбит/сек; Интерфейсы (для адаптеров): Кол-во LAN портов: 4 порта',
        3065),
       ('453aaa6d-9230-4c1e-8be1-b4fca18fd797', 'Wi-Fi адаптер Tenda AC6',
        'Габариты (мм): 220x142x49; сетевой экран (Firewall); репитер; режим моста; поддержка VPN; DHCP-сервер; WPA2; WEP; Стандарты безопасности: WPA; Антенна: внешняя; Скорость LAN-портов: 100 Мбит/сек; Интерфейсы (для адаптеров): Кол-во LAN портов: 3 порта; Макс. скорость при 5 ГГц (Мбит/с): 867; Макс. скорость при 2.4 ГГц (Мбит/с): 300',
        1747),
       ('5f41ff17-14b2-426c-92a8-8307bc5a1e49', 'Wi-Fi адаптер Xiaomi Mi WiFi Router 3G',
        'Вес (г): 260; Габариты (мм): 195x131x177; сетевой экран (Firewall); режим моста; поддержка VPN; DHCP-сервер; WPA2; WEP; Стандарты безопасности: WPA; Антенна: внешняя; Кол-во USB 3.0: 1; Скорость LAN-портов: 1 Гбит/сек; Интерфейсы (для адаптеров): Кол-во LAN портов: 2 порта; Макс. скорость при 5 ГГц (Мбит/с): 866',
        3729),
       ('01f8c6a7-9e4d-4973-8a1e-b23eeca3c680', 'Wi-Fi адаптер ZyXel Keenetic Lite III',
        'Вес (г): 200; Габариты (мм): 140x110x30; сетевой экран (Firewall); репитер; режим моста; поддержка VPN; DHCP-сервер; WPA2; WEP; Стандарты безопасности: WPA; Антенна: внешняя; Скорость LAN-портов: 100 Мбит/сек; Интерфейсы (для адаптеров): Кол-во LAN портов: 5 портов; 2.4 ГГц; 802.11n; 802.11g; Стандарты Wi-Fi: 802.11b Рейтинг модели: 4 из 5 (53 оценки)',
        1815),
       ('0bb3346e-c067-4ac6-b98c-e46b0109a2d1', 'Wi-Fi адаптер TP-LINK TL-WN722N',
        'Беспроводной USB-адаптер для подключения устройств к уже существующей Wi-Fi-сети. Поддерживает сертификацию 802.11n и обеспечивает скорость соединения до 150 Мбит/с, что позволяет без задержек играть в онлайн-игры или просматривать потоковое видео. Кроме того, настройка защиты беспроводного соединения осуществляется одним нажатием специальной кнопки “быстрой настройки”, что позволяет не беспокоиться о безопасности. Радиус приёма сигнала может достигать 300 м, в зависимости от преград.   Рейтинг модели: 4 из 5 (61 оценка)',
        618),
       ('74bef1b3-3977-4e0a-927c-5077da0d7c94', 'Wi-Fi адаптер TP-LINK Archer C7',
        'Флагманская модель беспроводного роутера от компании TP-LINK по состоянию на вторую половину 2013 года. Может похвастаться поддержкой передового стандарта беспроводных сетей 802.11aс. Модель оснащена сразу же шестью всенаправленными антеннами, поддерживает возможность одновременной работы в частотных диапазонах 2.4 и 5 ГГц; при этом максимальная суммарная скорость беспроводного подключения достигает 1.75 Гбит/сек. Также на борту имеется коммутатор на 4 гигабитных порта и 2 многофункциональных разъёма USB для подключения сетевого принтера или организации FTP-, медиа-сервера. Рейтинг модели: 4 из 5 (32 оценки)',
        5223),
       ('d7d2d2f9-29ec-4622-8482-98ef8e3c8008', 'Wi-Fi адаптер Asus RT-AC51U',
        'Вес (г): 270; Габариты (мм): 189x129x36; сетевой экран (Firewall); поддержка VPN; принт-сервер; файл-сервер; Web-сервер; FTP-сервер; DHCP-сервер; 802.1x; WPA2; WEP; Стандарты безопасности: WPA; Антенна: внешняя и внутренняя; Кол-во USB 2.0: 1; Скорость LAN-портов: 100 Мбит/сек; Интерфейсы (для адаптеров): Кол-во LAN портов: 4 порта Рейтинг модели: 4 из 5 (35 оценок)',
        2150),
       ('a1c38af4-d208-4adb-943c-fbd9d9b4fdfe', 'Wi-Fi адаптер ZyXel Keenetic Giga III',
        'Вес (г): 290; Габариты (мм): 186x121x36; сетевой экран (Firewall); поддержка VPN; файл-сервер; DHCP-сервер; WPA2; WEP; Стандарты безопасности: WPA; Антенна: внешняя; Кол-во USB 3.0: 1; Кол-во USB 2.0: 1; Скорость LAN-портов: 1 Гбит/сек; Интерфейсы (для адаптеров): Кол-во LAN портов: 4 порта; Макс. скорость при 5 ГГц (Мбит/с): 867 Рейтинг модели: 4 из 5 (32 оценки)',
        7689);
insert into stock (product_id, count)
values ('673e8fa0-b0c7-49b1-a74a-ca6b5330e642', 20),
       ('3a24dece-d71e-46e7-85b4-d0ca9e00c3e1', 31),
       ('bbd5a406-e64f-4258-a960-5113613bd6d5', 32),
       ('ae1bdf11-43fe-441e-a5e1-f4b1b6ad3d6b', 84),
       ('4ef6d52a-5341-4a5b-93e7-f8e092371b68', 0),
       ('1db2bd6e-6d30-49ca-91ea-78de8d1ea371', 99),
       ('bf426a98-76dc-425c-96d9-a32072c2f346', 77),
       ('dbd706da-cf37-4a45-90d9-520202680c74', 51),
       ('7811a0c8-b665-4719-b0e4-740a6041a28d', 81),
       ('35f5cb2c-9e7d-4f1c-90ec-f301fd148256', 62),
       ('6d449d3d-69b2-4b94-8b45-02815a182f35', 1),
       ('ff858938-cd3a-4db0-a998-3c405d7fbd0c', 9),
       ('e12a96ca-e662-48d2-a6d5-7973971d4bd2', 14),
       ('dd085faa-855e-4f09-83ce-ebdfd8b27faa', 60),
       ('ef758bcc-30ec-4511-9b94-75dd2ae0bcf1', 23),
       ('0b1b8c0e-dc7a-4721-a26a-42385bbb4cb9', 96),
       ('ddd9cdb2-b2c3-4b14-8700-71d8c0084ada', 56),
       ('60d212fd-bed3-4840-8cf4-6e216a9a5147', 27),
       ('deb94aca-32ff-4d57-9564-7dacd9a2b740', 29),
       ('53c7f75c-8f89-4862-bf54-0db26681a23c', 32),
       ('c9b2cbcf-cb9e-449a-8b43-8d31332cd052', 37),
       ('e68b36cf-43ef-430c-ab43-be743646569c', 58),
       ('b23488b1-af88-4d50-a895-f211ffc822bf', 6),
       ('26051bbc-2dff-4f8d-97c0-0ac2408523f2', 9),
       ('43addf73-b910-42b9-af49-96d5127f6d71', 44),
       ('3e584c0d-a562-4821-aaab-96da54f0c6b1', 43),
       ('8ceaae45-fa13-467d-84bb-03e24701b8e5', 41),
       ('e1bb12cb-cc64-43e8-82b1-c5755b36eeb4', 75),
       ('44a81fd3-9ef7-46ad-8fa5-21a4f32664ac', 79),
       ('4b626ae3-f5b1-4cd9-9380-efda7985f667', 98),
       ('41a278e1-e61a-4f62-aa29-0fdd185f87b2', 53),
       ('d095fafd-5bc9-4961-a96e-a402d9d5dea2', 64),
       ('f10ba23f-4fc4-42f5-b277-02cd6425cc1f', 98),
       ('453aaa6d-9230-4c1e-8be1-b4fca18fd797', 20),
       ('5f41ff17-14b2-426c-92a8-8307bc5a1e49', 9),
       ('01f8c6a7-9e4d-4973-8a1e-b23eeca3c680', 99),
       ('0bb3346e-c067-4ac6-b98c-e46b0109a2d1', 66),
       ('74bef1b3-3977-4e0a-927c-5077da0d7c94', 35),
       ('d7d2d2f9-29ec-4622-8482-98ef8e3c8008', 61),
       ('a1c38af4-d208-4adb-943c-fbd9d9b4fdfe', 65);
insert into product_image (product_id, image_url)
values ('673e8fa0-b0c7-49b1-a74a-ca6b5330e642', 'http://magazilla.ru/jpg_zoom1/700928.jpg'),
       ('673e8fa0-b0c7-49b1-a74a-ca6b5330e642', 'http://mzimg.com/big/21/eyfrgll8c21.jpg'),
       ('673e8fa0-b0c7-49b1-a74a-ca6b5330e642', 'http://mzimg.com/big/w1/eyfrh0t1fw1.jpg'),
       ('673e8fa0-b0c7-49b1-a74a-ca6b5330e642', 'http://mzimg.com/big/f1/eyfrgotbbf1.jpg'),
       ('673e8fa0-b0c7-49b1-a74a-ca6b5330e642', 'http://mzimg.com/big/h1/eyfrgsbbzh1.jpg'),
       ('3a24dece-d71e-46e7-85b4-d0ca9e00c3e1', 'http://magazilla.ru/jpg_zoom1/1088756.jpg'),
       ('3a24dece-d71e-46e7-85b4-d0ca9e00c3e1', 'http://mzimg.com/big/b1/fecyuchedb1.jpg'),
       ('3a24dece-d71e-46e7-85b4-d0ca9e00c3e1', 'http://mzimg.com/big/l1/fecyucvdol1.jpg'),
       ('3a24dece-d71e-46e7-85b4-d0ca9e00c3e1', 'http://mzimg.com/big/o1/fecyud48to1.jpg'),
       ('3a24dece-d71e-46e7-85b4-d0ca9e00c3e1', 'http://mzimg.com/big/i1/fecyudnbci1.jpg'),
       ('bbd5a406-e64f-4258-a960-5113613bd6d5', 'http://magazilla.ru/jpg_zoom1/498390.jpg'),
       ('bbd5a406-e64f-4258-a960-5113613bd6d5', 'http://mzimg.com/big/q1/en4tt9ogvq1.jpg'),
       ('bbd5a406-e64f-4258-a960-5113613bd6d5', 'http://mzimg.com/big/41/en4tu0yij41.jpg'),
       ('bbd5a406-e64f-4258-a960-5113613bd6d5', 'http://mzimg.com/big/n1/en4tu8n4gn1.jpg'),
       ('bbd5a406-e64f-4258-a960-5113613bd6d5',
        'http://video-shoper.ru/upload/iblock/de1/de1ba80271a9d06b9f6be1ed6ae83260.jpeg'),
       ('ae1bdf11-43fe-441e-a5e1-f4b1b6ad3d6b', 'http://magazilla.ru/jpg_zoom1/599764.jpg'),
       ('ae1bdf11-43fe-441e-a5e1-f4b1b6ad3d6b', 'http://mzimg.com/big/31/et74euxrv31.jpg'),
       ('ae1bdf11-43fe-441e-a5e1-f4b1b6ad3d6b', 'http://mzimg.com/big/k1/et74eyhvok1.jpg'),
       ('ae1bdf11-43fe-441e-a5e1-f4b1b6ad3d6b', 'http://mzimg.com/big/e1/et51jybfce1.jpg'),
       ('ae1bdf11-43fe-441e-a5e1-f4b1b6ad3d6b', 'http://mzimg.com/big/01/et51kewte01.jpg'),
       ('4ef6d52a-5341-4a5b-93e7-f8e092371b68', 'http://magazilla.ru/jpg_zoom1/868555.jpg'),
       ('4ef6d52a-5341-4a5b-93e7-f8e092371b68', 'http://mzimg.com/big/y1/f5un2cy5jy1.jpg'),
       ('4ef6d52a-5341-4a5b-93e7-f8e092371b68', 'http://mzimg.com/big/w1/f5un2nl3aw1.jpg'),
       ('4ef6d52a-5341-4a5b-93e7-f8e092371b68', 'http://mzimg.com/big/h1/f5un29bmsh1.jpg'),
       ('4ef6d52a-5341-4a5b-93e7-f8e092371b68', 'http://mzimg.com/big/a1/f5un2gaoda1.jpg'),
       ('1db2bd6e-6d30-49ca-91ea-78de8d1ea371', 'http://magazilla.ru/jpg_zoom1/675231.jpg'),
       ('1db2bd6e-6d30-49ca-91ea-78de8d1ea371', 'http://mzimg.com/big/i1/exg462sb8i1.jpg'),
       ('1db2bd6e-6d30-49ca-91ea-78de8d1ea371', 'http://mzimg.com/big/x1/exg47w3t4x1.jpg'),
       ('1db2bd6e-6d30-49ca-91ea-78de8d1ea371', 'http://mzimg.com/big/g1/exg482dhag1.jpg'),
       ('1db2bd6e-6d30-49ca-91ea-78de8d1ea371', 'http://mzimg.com/big/n1/exg45gkwpn1.jpg'),
       ('bf426a98-76dc-425c-96d9-a32072c2f346', 'http://magazilla.ru/jpg_zoom1/944502.jpg'),
       ('bf426a98-76dc-425c-96d9-a32072c2f346', 'http://mzimg.com/big/51/f8nlfn8te51.jpg'),
       ('bf426a98-76dc-425c-96d9-a32072c2f346', 'http://mzimg.com/big/71/f8nlfsdcq71.jpg'),
       ('bf426a98-76dc-425c-96d9-a32072c2f346', 'http://mzimg.com/big/j1/f8nlfiakij1.jpg'),
       ('bf426a98-76dc-425c-96d9-a32072c2f346', 'http://mzimg.com/big/c1/f8nlfy7ycc1.jpg'),
       ('dbd706da-cf37-4a45-90d9-520202680c74', 'http://magazilla.ru/jpg_zoom1/1081714.jpg'),
       ('dbd706da-cf37-4a45-90d9-520202680c74', 'http://mzimg.com/big/e1/fe2xh1h9fe1.jpg'),
       ('dbd706da-cf37-4a45-90d9-520202680c74', 'http://mzimg.com/big/i1/fe2xhc465i1.jpg'),
       ('dbd706da-cf37-4a45-90d9-520202680c74', 'http://mzimg.com/big/61/fe2xhca4s61.jpg'),
       ('dbd706da-cf37-4a45-90d9-520202680c74', 'http://mzimg.com/big/o1/fe2xhcht1o1.jpg'),
       ('7811a0c8-b665-4719-b0e4-740a6041a28d', 'http://magazilla.ru/jpg_zoom1/886464.jpg'),
       ('7811a0c8-b665-4719-b0e4-740a6041a28d', 'http://mzimg.com/big/g1/f6itxxtt9g1.jpg'),
       ('7811a0c8-b665-4719-b0e4-740a6041a28d', 'http://mzimg.com/big/31/f6ity0yj431.jpg'),
       ('7811a0c8-b665-4719-b0e4-740a6041a28d', 'http://mzimg.com/big/d1/f6itxu72xd1.jpg'),
       ('7811a0c8-b665-4719-b0e4-740a6041a28d', 'http://www.komus.ru/photo/_full/702770_1.jpg'),
       ('35f5cb2c-9e7d-4f1c-90ec-f301fd148256', 'http://magazilla.ru/jpg_zoom1/453302.jpg'),
       ('35f5cb2c-9e7d-4f1c-90ec-f301fd148256', 'http://mzimg.com/big/a1/evqkghgpda1.jpg'),
       ('35f5cb2c-9e7d-4f1c-90ec-f301fd148256', 'http://mzimg.com/big/q1/evqkgk0emq1.jpg'),
       ('35f5cb2c-9e7d-4f1c-90ec-f301fd148256', 'http://mzimg.com/big/m1/evqkgmgubm1.jpg'),
       ('35f5cb2c-9e7d-4f1c-90ec-f301fd148256', 'http://mzimg.com/big/01/evqkgvi6u01.jpg'),
       ('6d449d3d-69b2-4b94-8b45-02815a182f35', 'http://magazilla.ru/jpg_zoom1/831112.jpg'),
       ('6d449d3d-69b2-4b94-8b45-02815a182f35', 'http://mzimg.com/big/11/f4deceu7311.jpg'),
       ('6d449d3d-69b2-4b94-8b45-02815a182f35', 'http://mzimg.com/big/k1/f4decls2mk1.jpg'),
       ('6d449d3d-69b2-4b94-8b45-02815a182f35', 'http://mzimg.com/big/n1/f4decc8ykn1.jpg'),
       ('6d449d3d-69b2-4b94-8b45-02815a182f35', 'http://mzimg.com/big/h1/f4dech732h1.jpg'),
       ('ff858938-cd3a-4db0-a998-3c405d7fbd0c', 'http://magazilla.ru/jpg_zoom1/786357.jpg'),
       ('ff858938-cd3a-4db0-a998-3c405d7fbd0c', 'http://mzimg.com/big/r1/f2f9a16hbr1.jpg'),
       ('ff858938-cd3a-4db0-a998-3c405d7fbd0c', 'http://mzimg.com/big/j1/f2f9a7bd5j1.jpg'),
       ('ff858938-cd3a-4db0-a998-3c405d7fbd0c', 'http://mzimg.com/big/d1/f2f99kfp0d1.jpg'),
       ('ff858938-cd3a-4db0-a998-3c405d7fbd0c', 'http://mzimg.com/big/11/f2f99nrtq11.jpg'),
       ('e12a96ca-e662-48d2-a6d5-7973971d4bd2', 'http://magazilla.ru/jpg_zoom1/280182.jpg'),
       ('e12a96ca-e662-48d2-a6d5-7973971d4bd2', 'http://mzimg.com/big/h2/f4dcp9z7dh2.jpg'),
       ('e12a96ca-e662-48d2-a6d5-7973971d4bd2', 'http://mzimg.com/big/p2/f4dcp2oaip2.jpg'),
       ('e12a96ca-e662-48d2-a6d5-7973971d4bd2', 'http://mzimg.com/big/l2/f4dcp595wl2.jpg'),
       ('e12a96ca-e662-48d2-a6d5-7973971d4bd2', 'http://mzimg.com/big/i2/f4dcpcixei2.jpg'),
       ('dd085faa-855e-4f09-83ce-ebdfd8b27faa', 'http://magazilla.ru/jpg_zoom1/781256.jpg'),
       ('dd085faa-855e-4f09-83ce-ebdfd8b27faa', 'http://mzimg.com/big/e1/f284ssytpe1.jpg'),
       ('dd085faa-855e-4f09-83ce-ebdfd8b27faa', 'http://mzimg.com/big/d1/f284svs65d1.jpg'),
       ('dd085faa-855e-4f09-83ce-ebdfd8b27faa', 'http://mzimg.com/big/s1/f284sb9wgs1.jpg'),
       ('dd085faa-855e-4f09-83ce-ebdfd8b27faa', 'http://mzimg.com/big/t1/f284sf8v8t1.jpg'),
       ('ef758bcc-30ec-4511-9b94-75dd2ae0bcf1', 'http://magazilla.ru/jpg_zoom1/770743.jpg'),
       ('ef758bcc-30ec-4511-9b94-75dd2ae0bcf1', 'http://mzimg.com/big/d1/f1s4lh3hid1.jpg'),
       ('ef758bcc-30ec-4511-9b94-75dd2ae0bcf1', 'http://mzimg.com/big/11/f1s4m5urw11.jpg'),
       ('ef758bcc-30ec-4511-9b94-75dd2ae0bcf1', 'http://mzimg.com/big/c1/f1s4l9kczc1.jpg'),
       ('ef758bcc-30ec-4511-9b94-75dd2ae0bcf1', 'http://mzimg.com/big/v1/f1s4ldri9v1.jpg'),
       ('0b1b8c0e-dc7a-4721-a26a-42385bbb4cb9', 'http://magazilla.ru/jpg_zoom1/381581.jpg'),
       ('0b1b8c0e-dc7a-4721-a26a-42385bbb4cb9', 'http://mzimg.com/big/01/efashfqf601.jpg'),
       ('0b1b8c0e-dc7a-4721-a26a-42385bbb4cb9', 'http://mzimg.com/big/b1/efashigvqb1.jpg'),
       ('0b1b8c0e-dc7a-4721-a26a-42385bbb4cb9', 'http://mzimg.com/big/01/efashqbpf01.jpg'),
       ('0b1b8c0e-dc7a-4721-a26a-42385bbb4cb9', 'http://mzimg.com/big/f1/efashc6w5f1.jpg'),
       ('ddd9cdb2-b2c3-4b14-8700-71d8c0084ada', 'http://magazilla.ru/jpg_zoom1/1033661.jpg'),
       ('ddd9cdb2-b2c3-4b14-8700-71d8c0084ada', 'http://mzimg.com/big/o1/fc34pfx2no1.jpg'),
       ('ddd9cdb2-b2c3-4b14-8700-71d8c0084ada', 'http://mzimg.com/big/c1/fc34ptagkc1.jpg'),
       ('ddd9cdb2-b2c3-4b14-8700-71d8c0084ada', 'http://mzimg.com/big/81/fc34pykbf81.jpg'),
       ('ddd9cdb2-b2c3-4b14-8700-71d8c0084ada', 'http://mzimg.com/big/81/fc34q771281.jpg'),
       ('60d212fd-bed3-4840-8cf4-6e216a9a5147', 'http://magazilla.ru/jpg_zoom1/772887.jpg'),
       ('60d212fd-bed3-4840-8cf4-6e216a9a5147', 'http://mzimg.com/big/f1/f1wrjn0pef1.jpg'),
       ('60d212fd-bed3-4840-8cf4-6e216a9a5147', 'http://mzimg.com/big/y1/f1wrk3tvfy1.jpg'),
       ('60d212fd-bed3-4840-8cf4-6e216a9a5147', 'http://mzimg.com/big/21/f1wrjd0w421.jpg'),
       ('60d212fd-bed3-4840-8cf4-6e216a9a5147', 'http://mzimg.com/big/d1/f1wrjgdgrd1.jpg'),
       ('deb94aca-32ff-4d57-9564-7dacd9a2b740', 'http://magazilla.ru/jpg_zoom1/297777.jpg'),
       ('deb94aca-32ff-4d57-9564-7dacd9a2b740', 'http://mzimg.com/big/22/ej8m6ptac22.jpg'),
       ('deb94aca-32ff-4d57-9564-7dacd9a2b740', 'http://mzimg.com/big/g2/ej8m6zqprg2.jpg'),
       ('deb94aca-32ff-4d57-9564-7dacd9a2b740', 'http://mzimg.com/big/p2/ej8m74jyzp2.jpg'),
       ('deb94aca-32ff-4d57-9564-7dacd9a2b740', 'http://mzimg.com/big/r2/ej8m6u02pr2.jpg'),
       ('53c7f75c-8f89-4862-bf54-0db26681a23c', 'http://magazilla.ru/jpg_zoom1/1201409.jpg'),
       ('53c7f75c-8f89-4862-bf54-0db26681a23c', 'http://mzimg.com/big/j1/fjb68dtvrj1.jpg'),
       ('53c7f75c-8f89-4862-bf54-0db26681a23c', 'http://mzimg.com/big/v1/fjb68eey3v1.jpg'),
       ('53c7f75c-8f89-4862-bf54-0db26681a23c', 'http://mzimg.com/big/z1/fjb68enemz1.jpg'),
       ('53c7f75c-8f89-4862-bf54-0db26681a23c', 'http://mzimg.com/big/t1/fjb68ew4zt1.jpg'),
       ('c9b2cbcf-cb9e-449a-8b43-8d31332cd052', 'http://magazilla.ru/jpg_zoom1/1059840.jpg'),
       ('c9b2cbcf-cb9e-449a-8b43-8d31332cd052', 'http://mzimg.com/big/c1/fd52crmgmc1.jpg'),
       ('c9b2cbcf-cb9e-449a-8b43-8d31332cd052', 'http://mzimg.com/big/o1/fd52cr9u4o1.jpg'),
       ('c9b2cbcf-cb9e-449a-8b43-8d31332cd052', 'http://mzimg.com/big/o1/fd52crud8o1.jpg'),
       ('c9b2cbcf-cb9e-449a-8b43-8d31332cd052', 'http://mzimg.com/big/61/fd52cs1d661.jpg'),
       ('e68b36cf-43ef-430c-ab43-be743646569c', 'http://magazilla.ru/jpg_zoom1/1272090.jpg'),
       ('e68b36cf-43ef-430c-ab43-be743646569c', 'http://mzimg.com/big/q1/fmneg09ogq1.jpg'),
       ('e68b36cf-43ef-430c-ab43-be743646569c', 'http://mzimg.com/big/l1/fmneg0jtfl1.jpg'),
       ('e68b36cf-43ef-430c-ab43-be743646569c', 'http://mzimg.com/big/y1/fmneg0q8hy1.jpg'),
       ('e68b36cf-43ef-430c-ab43-be743646569c', 'http://mzimg.com/big/41/fmneg0vfe41.jpg'),
       ('b23488b1-af88-4d50-a895-f211ffc822bf', 'http://magazilla.ru/jpg_zoom1/969923.jpg'),
       ('b23488b1-af88-4d50-a895-f211ffc822bf', 'http://mzimg.com/big/a1/f9jj95mcua1.jpg'),
       ('b23488b1-af88-4d50-a895-f211ffc822bf', 'http://mzimg.com/big/81/f9jj9alvq81.jpg'),
       ('b23488b1-af88-4d50-a895-f211ffc822bf', 'http://mzimg.com/big/71/f9jj9fvou71.jpg'),
       ('b23488b1-af88-4d50-a895-f211ffc822bf', 'http://mzimg.com/big/51/f9jj9l03251.jpg'),
       ('26051bbc-2dff-4f8d-97c0-0ac2408523f2', 'http://magazilla.ru/jpg_zoom1/403451.jpg'),
       ('26051bbc-2dff-4f8d-97c0-0ac2408523f2', 'http://mzimg.com/big/w1/egzq5ism2w1.jpg'),
       ('26051bbc-2dff-4f8d-97c0-0ac2408523f2', 'http://mzimg.com/big/i1/egzq5r3b9i1.jpg'),
       ('26051bbc-2dff-4f8d-97c0-0ac2408523f2', 'http://mzimg.com/big/q1/egzq5z2ysq1.jpg'),
       ('26051bbc-2dff-4f8d-97c0-0ac2408523f2', 'http://mzimg.com/big/w1/egzq6b8oaw1.jpg'),
       ('43addf73-b910-42b9-af49-96d5127f6d71', 'http://magazilla.ru/jpg_zoom1/1218070.jpg'),
       ('43addf73-b910-42b9-af49-96d5127f6d71', 'http://mzimg.com/big/f1/fk6d0x10tf1.jpg'),
       ('43addf73-b910-42b9-af49-96d5127f6d71', 'http://mzimg.com/big/i1/fk6d10ukti1.jpg'),
       ('43addf73-b910-42b9-af49-96d5127f6d71', 'http://mzimg.com/big/11/fk6d114mk11.jpg'),
       ('43addf73-b910-42b9-af49-96d5127f6d71', 'http://mzimg.com/big/m1/fk6d11ci9m1.jpg'),
       ('3e584c0d-a562-4821-aaab-96da54f0c6b1', 'http://magazilla.ru/jpg_zoom1/907006.jpg'),
       ('3e584c0d-a562-4821-aaab-96da54f0c6b1', 'http://mzimg.com/big/11/f7cvkemil11.jpg'),
       ('3e584c0d-a562-4821-aaab-96da54f0c6b1', 'http://mzimg.com/big/m1/f7cvklgy6m1.jpg'),
       ('3e584c0d-a562-4821-aaab-96da54f0c6b1', 'http://mzimg.com/big/r1/f7cvkrtv7r1.jpg'),
       ('3e584c0d-a562-4821-aaab-96da54f0c6b1', 'http://mzimg.com/big/u1/f7cvkwstmu1.jpg'),
       ('8ceaae45-fa13-467d-84bb-03e24701b8e5', 'http://magazilla.ru/jpg_zoom1/339104.jpg'),
       ('8ceaae45-fa13-467d-84bb-03e24701b8e5', 'http://mzimg.com/big/z1/eayl8n8h7z1.jpg'),
       ('e1bb12cb-cc64-43e8-82b1-c5755b36eeb4', 'http://magazilla.ru/jpg_zoom1/1024286.jpg'),
       ('e1bb12cb-cc64-43e8-82b1-c5755b36eeb4', 'http://mzimg.com/big/51/fbsjovt9g51.jpg'),
       ('e1bb12cb-cc64-43e8-82b1-c5755b36eeb4', 'http://mzimg.com/big/z1/fbsjp3hdiz1.jpg'),
       ('e1bb12cb-cc64-43e8-82b1-c5755b36eeb4', 'http://mzimg.com/big/m1/fbsjpd8jxm1.jpg'),
       ('e1bb12cb-cc64-43e8-82b1-c5755b36eeb4', 'http://mzimg.com/big/e1/fbsjpnn8he1.jpg'),
       ('44a81fd3-9ef7-46ad-8fa5-21a4f32664ac', 'http://magazilla.ru/jpg_zoom1/1077395.jpg'),
       ('44a81fd3-9ef7-46ad-8fa5-21a4f32664ac', 'http://mzimg.com/big/p1/fdx6fbftdp1.jpg'),
       ('44a81fd3-9ef7-46ad-8fa5-21a4f32664ac', 'http://mzimg.com/big/31/fdx6fbrg831.jpg'),
       ('44a81fd3-9ef7-46ad-8fa5-21a4f32664ac', 'http://mzimg.com/big/b1/fdx6fc67pb1.jpg'),
       ('44a81fd3-9ef7-46ad-8fa5-21a4f32664ac', 'http://mzimg.com/big/d1/fdx6fbzpqd1.jpg'),
       ('4b626ae3-f5b1-4cd9-9380-efda7985f667', 'http://magazilla.ru/jpg_zoom1/1253493.jpg'),
       ('4b626ae3-f5b1-4cd9-9380-efda7985f667', 'http://mzimg.com/big/k1/fltej7q4tk1.jpg'),
       ('4b626ae3-f5b1-4cd9-9380-efda7985f667', 'http://mzimg.com/big/71/fltej81u871.jpg'),
       ('4b626ae3-f5b1-4cd9-9380-efda7985f667', 'http://mzimg.com/big/u1/fltej8795u1.jpg'),
       ('41a278e1-e61a-4f62-aa29-0fdd185f87b2', 'http://magazilla.ru/jpg_zoom1/978329.jpg'),
       ('41a278e1-e61a-4f62-aa29-0fdd185f87b2', 'http://mzimg.com/big/a1/f9u2c3r2za1.jpg'),
       ('d095fafd-5bc9-4961-a96e-a402d9d5dea2', 'http://magazilla.ru/jpg_zoom1/106413.jpg'),
       ('d095fafd-5bc9-4961-a96e-a402d9d5dea2', 'http://mzimg.com/big/21/fi5nzfmf621.jpg'),
       ('d095fafd-5bc9-4961-a96e-a402d9d5dea2', 'http://mzimg.com/big/a1/fi5nzg6vga1.jpg'),
       ('d095fafd-5bc9-4961-a96e-a402d9d5dea2', 'http://mzimg.com/big/a1/fi5nzgq7fa1.jpg'),
       ('d095fafd-5bc9-4961-a96e-a402d9d5dea2', 'http://mzimg.com/big/31/fi5nzghbv31.jpg'),
       ('f10ba23f-4fc4-42f5-b277-02cd6425cc1f', 'http://magazilla.ru/jpg_zoom1/1244775.jpg'),
       ('f10ba23f-4fc4-42f5-b277-02cd6425cc1f', 'http://mzimg.com/big/q1/flhqbwr7lq1.jpg'),
       ('f10ba23f-4fc4-42f5-b277-02cd6425cc1f', 'http://mzimg.com/big/91/flhqex5gz91.jpg'),
       ('f10ba23f-4fc4-42f5-b277-02cd6425cc1f', 'http://mzimg.com/big/n1/flhqex9nin1.jpg'),
       ('f10ba23f-4fc4-42f5-b277-02cd6425cc1f', 'http://mzimg.com/big/b1/flhqf5nkob1.jpg'),
       ('453aaa6d-9230-4c1e-8be1-b4fca18fd797', 'http://magazilla.ru/jpg_zoom1/1054746.jpg'),
       ('453aaa6d-9230-4c1e-8be1-b4fca18fd797', 'http://mzimg.com/big/z1/fcy6wmsahz1.jpg'),
       ('453aaa6d-9230-4c1e-8be1-b4fca18fd797', 'http://mzimg.com/big/t1/fcy6wnbght1.jpg'),
       ('453aaa6d-9230-4c1e-8be1-b4fca18fd797', 'http://mzimg.com/big/v1/fcy6wnniuv1.jpg'),
       ('5f41ff17-14b2-426c-92a8-8307bc5a1e49', 'http://magazilla.ru/jpg_zoom1/1171183.jpg'),
       ('5f41ff17-14b2-426c-92a8-8307bc5a1e49', 'http://mzimg.com/big/d1/fhzk7pmvqd1.jpg'),
       ('5f41ff17-14b2-426c-92a8-8307bc5a1e49', 'http://mzimg.com/big/01/fhzk7pyo401.jpg'),
       ('5f41ff17-14b2-426c-92a8-8307bc5a1e49', 'http://mzimg.com/big/d1/fhzk7pqm1d1.jpg'),
       ('5f41ff17-14b2-426c-92a8-8307bc5a1e49', 'http://mzimg.com/big/l1/fhzk7q65xl1.jpg'),
       ('01f8c6a7-9e4d-4973-8a1e-b23eeca3c680', 'http://magazilla.ru/jpg_zoom1/821029.jpg'),
       ('01f8c6a7-9e4d-4973-8a1e-b23eeca3c680', 'http://mzimg.com/big/n1/f3ztdvqztn1.jpg'),
       ('01f8c6a7-9e4d-4973-8a1e-b23eeca3c680', 'http://mzimg.com/big/51/fi5p4u6ug51.jpg'),
       ('01f8c6a7-9e4d-4973-8a1e-b23eeca3c680', 'http://mzimg.com/big/x1/fi5p4ufvcx1.jpg'),
       ('01f8c6a7-9e4d-4973-8a1e-b23eeca3c680', 'http://mzimg.com/big/e1/fi5p4um4ee1.jpg'),
       ('0bb3346e-c067-4ac6-b98c-e46b0109a2d1', 'http://magazilla.ru/jpg_zoom1/95633.jpg'),
       ('0bb3346e-c067-4ac6-b98c-e46b0109a2d1', 'http://mzimg.com/big/41/fi5neggtu41.jpg'),
       ('0bb3346e-c067-4ac6-b98c-e46b0109a2d1', 'http://mzimg.com/big/d1/fi5neh1ynd1.jpg'),
       ('0bb3346e-c067-4ac6-b98c-e46b0109a2d1', 'http://mzimg.com/big/d1/fi5nehbhxd1.jpg'),
       ('0bb3346e-c067-4ac6-b98c-e46b0109a2d1', 'http://mzimg.com/big/61/fi5negaj461.jpg'),
       ('74bef1b3-3977-4e0a-927c-5077da0d7c94', 'http://magazilla.ru/jpg_zoom1/408680.jpg'),
       ('74bef1b3-3977-4e0a-927c-5077da0d7c94', 'http://mzimg.com/big/z1/ehbe4i3yfz1.jpg'),
       ('74bef1b3-3977-4e0a-927c-5077da0d7c94', 'http://mzimg.com/big/w1/ehbe4pqpfw1.jpg'),
       ('74bef1b3-3977-4e0a-927c-5077da0d7c94', 'http://mzimg.com/big/v1/ehbe4z5dmv1.jpg'),
       ('d7d2d2f9-29ec-4622-8482-98ef8e3c8008', 'http://magazilla.ru/jpg_zoom1/586134.jpg'),
       ('d7d2d2f9-29ec-4622-8482-98ef8e3c8008', 'http://mzimg.com/big/71/es9v4t86n71.jpg'),
       ('d7d2d2f9-29ec-4622-8482-98ef8e3c8008', 'http://mzimg.com/big/x1/es9v4xy7gx1.jpg'),
       ('d7d2d2f9-29ec-4622-8482-98ef8e3c8008', 'http://mzimg.com/big/41/es9v52pqf41.jpg'),
       ('a1c38af4-d208-4adb-943c-fbd9d9b4fdfe', 'http://magazilla.ru/jpg_zoom1/821009.jpg'),
       ('a1c38af4-d208-4adb-943c-fbd9d9b4fdfe', 'http://mzimg.com/big/n1/f3zss7kbkn1.jpg'),
       ('a1c38af4-d208-4adb-943c-fbd9d9b4fdfe', 'http://mzimg.com/big/n1/f3zsvfyvbn1.jpg');
